id;user_name;first_name;last_name;email
1;encompassing;Deion;Weissnat;Enola_Emmerich@gmail.com
2;facilitate Tasty Concrete Chips Exclusive;Mauricio;Kunze;Elise99@hotmail.com
3;mission-critical;Weston;Kuvalis;Amelie34@yahoo.com
4;deposit Canadian Dollar Lebanon;Isai;Yost;Deangelo.McLaughlin76@yahoo.com
5;Ergonomic transmitter;Fredy;Koss;Wilmer_Nader@yahoo.com
6;Licensed hacking installation;Chyna;Powlowski;Ryann67@gmail.com
7;Clothing;Johnson;Schowalter;Fausto17@gmail.com
8;Yen synthesize Creative;Brionna;Padberg;Murray92@yahoo.com
9;SMS Enhanced;Magdalena;Daniel;Willis_Luettgen@hotmail.com
10;Vision-oriented;Augusta;Wintheiser;Keara_Tromp18@hotmail.com
